Date,Season,RES,Cluster,RES,Cluster,RES,Cluster
2021-01-01,Winter,Offshore Wind,2,Onshore Wind,0,Solar,2
2021-01-02,Winter,Offshore Wind,2,Onshore Wind,0,Solar,0
2021-01-03,Winter,Offshore Wind,2,Onshore Wind,1,Solar,0
2021-01-04,Winter,Offshore Wind,2,Onshore Wind,1,Solar,1
2021-01-05,Winter,Offshore Wind,2,Onshore Wind,0,Solar,1
2021-01-06,Winter,Offshore Wind,2,Onshore Wind,0,Solar,1
2021-01-07,Winter,Offshore Wind,2,Onshore Wind,1,Solar,1
2021-01-08,Winter,Offshore Wind,0,Onshore Wind,1,Solar,1
2021-01-09,Winter,Offshore Wind,2,Onshore Wind,0,Solar,1
2021-01-10,Winter,Offshore Wind,1,Onshore Wind,2,Solar,0
2021-01-11,Winter,Offshore Wind,1,Onshore Wind,2,Solar,2
2021-01-12,Winter,Offshore Wind,1,Onshore Wind,2,Solar,2
2021-01-13,Winter,Offshore Wind,1,Onshore Wind,2,Solar,2
2021-01-14,Winter,Offshore Wind,2,Onshore Wind,0,Solar,2
2021-01-15,Winter,Offshore Wind,2,Onshore Wind,0,Solar,2
2021-01-16,Winter,Offshore Wind,2,Onshore Wind,0,Solar,2
2021-01-17,Winter,Offshore Wind,2,Onshore Wind,0,Solar,2
2021-01-18,Winter,Offshore Wind,2,Onshore Wind,0,Solar,2
2021-01-19,Winter,Offshore Wind,2,Onshore Wind,0,Solar,2
2021-01-20,Winter,Offshore Wind,1,Onshore Wind,2,Solar,2
2021-01-21,Winter,Offshore Wind,1,Onshore Wind,2,Solar,2
2021-01-22,Winter,Offshore Wind,1,Onshore Wind,2,Solar,2
2021-01-23,Winter,Offshore Wind,2,Onshore Wind,0,Solar,2
2021-01-24,Winter,Offshore Wind,2,Onshore Wind,0,Solar,2
2021-01-25,Winter,Offshore Wind,2,Onshore Wind,0,Solar,2
2021-01-26,Winter,Offshore Wind,2,Onshore Wind,0,Solar,0
2021-01-27,Winter,Offshore Wind,2,Onshore Wind,0,Solar,2
2021-01-28,Winter,Offshore Wind,2,Onshore Wind,0,Solar,2
2021-01-29,Winter,Offshore Wind,2,Onshore Wind,0,Solar,2
2021-01-30,Winter,Offshore Wind,2,Onshore Wind,0,Solar,0
2021-01-31,Winter,Offshore Wind,2,Onshore Wind,0,Solar,0
2021-02-01,Winter,Offshore Wind,2,Onshore Wind,0,Solar,2
2021-02-02,Winter,Offshore Wind,2,Onshore Wind,0,Solar,0
2021-02-03,Winter,Offshore Wind,2,Onshore Wind,0,Solar,0
2021-02-04,Winter,Offshore Wind,0,Onshore Wind,1,Solar,1
2021-02-05,Winter,Offshore Wind,2,Onshore Wind,0,Solar,1
2021-02-06,Winter,Offshore Wind,0,Onshore Wind,1,Solar,1
2021-02-07,Winter,Offshore Wind,2,Onshore Wind,0,Solar,0
2021-02-08,Winter,Offshore Wind,0,Onshore Wind,1,Solar,1
2021-02-09,Winter,Offshore Wind,2,Onshore Wind,0,Solar,1
2021-02-10,Winter,Offshore Wind,0,Onshore Wind,0,Solar,0
2021-02-11,Winter,Offshore Wind,2,Onshore Wind,0,Solar,0
2021-02-12,Winter,Offshore Wind,1,Onshore Wind,1,Solar,2
2021-02-13,Winter,Offshore Wind,2,Onshore Wind,0,Solar,0
2021-02-14,Winter,Offshore Wind,2,Onshore Wind,0,Solar,0
2021-02-15,Winter,Offshore Wind,0,Onshore Wind,1,Solar,2
2021-02-16,Winter,Offshore Wind,2,Onshore Wind,0,Solar,2
2021-02-17,Winter,Offshore Wind,2,Onshore Wind,0,Solar,2
2021-02-18,Winter,Offshore Wind,0,Onshore Wind,1,Solar,2
2021-02-19,Winter,Offshore Wind,0,Onshore Wind,1,Solar,0
2021-02-20,Winter,Offshore Wind,1,Onshore Wind,1,Solar,0
2021-02-21,Winter,Offshore Wind,2,Onshore Wind,0,Solar,0
2021-02-22,Winter,Offshore Wind,0,Onshore Wind,0,Solar,0
2021-02-23,Winter,Offshore Wind,0,Onshore Wind,1,Solar,2
2021-02-24,Winter,Offshore Wind,1,Onshore Wind,2,Solar,0
2021-02-25,Winter,Offshore Wind,1,Onshore Wind,2,Solar,0
2021-02-26,Winter,Offshore Wind,1,Onshore Wind,2,Solar,0
2021-02-27,Winter,Offshore Wind,2,Onshore Wind,1,Solar,0
2021-02-28,Winter,Offshore Wind,2,Onshore Wind,1,Solar,0
2021-05-01,Summer,Offshore Wind,0,Onshore Wind,2,Solar,0
2021-05-02,Summer,Offshore Wind,0,Onshore Wind,1,Solar,0
2021-05-03,Summer,Offshore Wind,2,Onshore Wind,0,Solar,2
2021-05-04,Summer,Offshore Wind,0,Onshore Wind,1,Solar,2
2021-05-05,Summer,Offshore Wind,0,Onshore Wind,1,Solar,0
2021-05-06,Summer,Offshore Wind,2,Onshore Wind,0,Solar,1
2021-05-07,Summer,Offshore Wind,2,Onshore Wind,0,Solar,2
2021-05-08,Summer,Offshore Wind,2,Onshore Wind,0,Solar,2
2021-05-09,Summer,Offshore Wind,1,Onshore Wind,0,Solar,1
2021-05-10,Summer,Offshore Wind,0,Onshore Wind,2,Solar,0
2021-05-11,Summer,Offshore Wind,0,Onshore Wind,2,Solar,0
2021-05-12,Summer,Offshore Wind,0,Onshore Wind,1,Solar,0
2021-05-13,Summer,Offshore Wind,2,Onshore Wind,0,Solar,2
2021-05-14,Summer,Offshore Wind,2,Onshore Wind,0,Solar,2
2021-05-15,Summer,Offshore Wind,1,Onshore Wind,0,Solar,0
2021-05-16,Summer,Offshore Wind,2,Onshore Wind,0,Solar,2
2021-05-17,Summer,Offshore Wind,2,Onshore Wind,0,Solar,2
2021-05-18,Summer,Offshore Wind,2,Onshore Wind,0,Solar,2
2021-05-19,Summer,Offshore Wind,2,Onshore Wind,2,Solar,2
2021-05-20,Summer,Offshore Wind,1,Onshore Wind,2,Solar,1
2021-05-21,Summer,Offshore Wind,0,Onshore Wind,2,Solar,2
2021-05-22,Summer,Offshore Wind,0,Onshore Wind,1,Solar,2
2021-05-23,Summer,Offshore Wind,0,Onshore Wind,1,Solar,2
2021-05-24,Summer,Offshore Wind,0,Onshore Wind,2,Solar,2
2021-05-25,Summer,Offshore Wind,2,Onshore Wind,0,Solar,0
2021-05-26,Summer,Offshore Wind,0,Onshore Wind,2,Solar,0
2021-05-27,Summer,Offshore Wind,1,Onshore Wind,2,Solar,2
2021-05-28,Summer,Offshore Wind,2,Onshore Wind,0,Solar,2
2021-05-29,Summer,Offshore Wind,2,Onshore Wind,0,Solar,1
2021-05-30,Summer,Offshore Wind,2,Onshore Wind,0,Solar,1
2021-05-31,Summer,Offshore Wind,2,Onshore Wind,0,Solar,1
2021-06-01,Summer,Offshore Wind,0,Onshore Wind,1,Solar,0
2021-06-02,Summer,Offshore Wind,0,Onshore Wind,1,Solar,0
2021-06-03,Summer,Offshore Wind,0,Onshore Wind,1,Solar,0
2021-06-04,Summer,Offshore Wind,0,Onshore Wind,1,Solar,1
2021-06-05,Summer,Offshore Wind,0,Onshore Wind,2,Solar,2
2021-06-06,Summer,Offshore Wind,2,Onshore Wind,0,Solar,2
2021-06-07,Summer,Offshore Wind,0,Onshore Wind,2,Solar,2
2021-06-08,Summer,Offshore Wind,0,Onshore Wind,1,Solar,1
2021-06-09,Summer,Offshore Wind,2,Onshore Wind,0,Solar,2
2021-06-10,Summer,Offshore Wind,2,Onshore Wind,0,Solar,0
2021-06-11,Summer,Offshore Wind,0,Onshore Wind,1,Solar,0
2021-06-12,Summer,Offshore Wind,0,Onshore Wind,1,Solar,0
2021-06-13,Summer,Offshore Wind,0,Onshore Wind,1,Solar,1
2021-06-14,Summer,Offshore Wind,0,Onshore Wind,1,Solar,2
2021-06-15,Summer,Offshore Wind,2,Onshore Wind,2,Solar,1
2021-06-16,Summer,Offshore Wind,2,Onshore Wind,0,Solar,1
2021-06-17,Summer,Offshore Wind,0,Onshore Wind,2,Solar,1
2021-06-18,Summer,Offshore Wind,1,Onshore Wind,0,Solar,1
2021-06-19,Summer,Offshore Wind,1,Onshore Wind,2,Solar,1
2021-06-20,Summer,Offshore Wind,1,Onshore Wind,2,Solar,2
2021-06-21,Summer,Offshore Wind,1,Onshore Wind,0,Solar,2
2021-06-22,Summer,Offshore Wind,1,Onshore Wind,0,Solar,2
2021-06-23,Summer,Offshore Wind,2,Onshore Wind,0,Solar,2
2021-06-24,Summer,Offshore Wind,2,Onshore Wind,0,Solar,1
2021-06-25,Summer,Offshore Wind,2,Onshore Wind,0,Solar,2
2021-06-26,Summer,Offshore Wind,2,Onshore Wind,0,Solar,2
2021-06-27,Summer,Offshore Wind,2,Onshore Wind,0,Solar,2
2021-06-28,Summer,Offshore Wind,2,Onshore Wind,0,Solar,1
2021-06-29,Summer,Offshore Wind,2,Onshore Wind,0,Solar,2
2021-06-30,Summer,Offshore Wind,2,Onshore Wind,0,Solar,2
2021-07-01,Summer,Offshore Wind,1,Onshore Wind,0,Solar,0
2021-07-02,Summer,Offshore Wind,0,Onshore Wind,1,Solar,0
2021-07-03,Summer,Offshore Wind,0,Onshore Wind,2,Solar,2
2021-07-04,Summer,Offshore Wind,0,Onshore Wind,2,Solar,2
2021-07-05,Summer,Offshore Wind,1,Onshore Wind,0,Solar,2
2021-07-06,Summer,Offshore Wind,2,Onshore Wind,0,Solar,2
2021-07-07,Summer,Offshore Wind,1,Onshore Wind,2,Solar,1
2021-07-08,Summer,Offshore Wind,2,Onshore Wind,0,Solar,2
2021-07-09,Summer,Offshore Wind,2,Onshore Wind,0,Solar,2
2021-07-10,Summer,Offshore Wind,2,Onshore Wind,0,Solar,2
2021-07-11,Summer,Offshore Wind,0,Onshore Wind,2,Solar,0
2021-07-12,Summer,Offshore Wind,0,Onshore Wind,1,Solar,0
2021-07-13,Summer,Offshore Wind,2,Onshore Wind,0,Solar,1
2021-07-14,Summer,Offshore Wind,2,Onshore Wind,0,Solar,1
2021-07-15,Summer,Offshore Wind,1,Onshore Wind,0,Solar,1
2021-07-16,Summer,Offshore Wind,1,Onshore Wind,0,Solar,1
2021-07-17,Summer,Offshore Wind,1,Onshore Wind,2,Solar,1
2021-07-18,Summer,Offshore Wind,0,Onshore Wind,1,Solar,1
2021-07-19,Summer,Offshore Wind,1,Onshore Wind,0,Solar,1
2021-07-20,Summer,Offshore Wind,0,Onshore Wind,1,Solar,2
2021-07-21,Summer,Offshore Wind,2,Onshore Wind,0,Solar,2
2021-07-22,Summer,Offshore Wind,2,Onshore Wind,0,Solar,2
2021-07-23,Summer,Offshore Wind,2,Onshore Wind,0,Solar,2
2021-07-24,Summer,Offshore Wind,2,Onshore Wind,0,Solar,1
2021-07-25,Summer,Offshore Wind,0,Onshore Wind,2,Solar,2
2021-07-26,Summer,Offshore Wind,2,Onshore Wind,0,Solar,2
2021-07-27,Summer,Offshore Wind,2,Onshore Wind,0,Solar,2
2021-07-28,Summer,Offshore Wind,1,Onshore Wind,2,Solar,2
2021-07-29,Summer,Offshore Wind,0,Onshore Wind,1,Solar,2
2021-07-30,Summer,Offshore Wind,0,Onshore Wind,1,Solar,2
2021-07-31,Summer,Offshore Wind,0,Onshore Wind,2,Solar,2
2021-08-01,Summer,Offshore Wind,1,Onshore Wind,0,Solar,0
2021-08-02,Summer,Offshore Wind,0,Onshore Wind,1,Solar,0
2021-08-03,Summer,Offshore Wind,2,Onshore Wind,0,Solar,2
2021-08-04,Summer,Offshore Wind,0,Onshore Wind,1,Solar,2
2021-08-05,Summer,Offshore Wind,1,Onshore Wind,2,Solar,1
2021-08-06,Summer,Offshore Wind,2,Onshore Wind,0,Solar,1
2021-08-07,Summer,Offshore Wind,2,Onshore Wind,0,Solar,2
2021-08-08,Summer,Offshore Wind,1,Onshore Wind,2,Solar,2
2021-08-09,Summer,Offshore Wind,2,Onshore Wind,0,Solar,2
2021-08-10,Summer,Offshore Wind,2,Onshore Wind,0,Solar,2
2021-08-11,Summer,Offshore Wind,1,Onshore Wind,0,Solar,0
2021-08-12,Summer,Offshore Wind,0,Onshore Wind,1,Solar,0
2021-08-13,Summer,Offshore Wind,0,Onshore Wind,2,Solar,2
2021-08-14,Summer,Offshore Wind,0,Onshore Wind,1,Solar,2
2021-08-15,Summer,Offshore Wind,1,Onshore Wind,2,Solar,2
2021-08-16,Summer,Offshore Wind,1,Onshore Wind,0,Solar,0
2021-08-17,Summer,Offshore Wind,0,Onshore Wind,1,Solar,2
2021-08-18,Summer,Offshore Wind,0,Onshore Wind,1,Solar,0
2021-08-19,Summer,Offshore Wind,0,Onshore Wind,1,Solar,2
2021-08-20,Summer,Offshore Wind,1,Onshore Wind,2,Solar,2
2021-08-21,Summer,Offshore Wind,2,Onshore Wind,0,Solar,2
2021-08-22,Summer,Offshore Wind,2,Onshore Wind,0,Solar,1
2021-08-23,Summer,Offshore Wind,2,Onshore Wind,0,Solar,1
2021-08-24,Summer,Offshore Wind,2,Onshore Wind,0,Solar,1
2021-08-25,Summer,Offshore Wind,0,Onshore Wind,1,Solar,2
2021-08-26,Summer,Offshore Wind,0,Onshore Wind,1,Solar,0
2021-08-27,Summer,Offshore Wind,0,Onshore Wind,1,Solar,2
2021-08-28,Summer,Offshore Wind,0,Onshore Wind,2,Solar,0
2021-08-29,Summer,Offshore Wind,1,Onshore Wind,2,Solar,2
2021-08-30,Summer,Offshore Wind,1,Onshore Wind,0,Solar,1
2021-08-31,Summer,Offshore Wind,2,Onshore Wind,0,Solar,1
2021-11-01,Winter,Offshore Wind,1,Onshore Wind,2,Solar,2
2021-11-02,Winter,Offshore Wind,2,Onshore Wind,1,Solar,0
2021-11-03,Winter,Offshore Wind,1,Onshore Wind,2,Solar,2
2021-11-04,Winter,Offshore Wind,0,Onshore Wind,1,Solar,2
2021-11-05,Winter,Offshore Wind,0,Onshore Wind,0,Solar,0
2021-11-06,Winter,Offshore Wind,2,Onshore Wind,0,Solar,1
2021-11-07,Winter,Offshore Wind,2,Onshore Wind,0,Solar,1
2021-11-08,Winter,Offshore Wind,2,Onshore Wind,0,Solar,1
2021-11-09,Winter,Offshore Wind,2,Onshore Wind,0,Solar,0
2021-11-10,Winter,Offshore Wind,1,Onshore Wind,2,Solar,0
2021-11-11,Winter,Offshore Wind,2,Onshore Wind,1,Solar,2
2021-11-12,Winter,Offshore Wind,2,Onshore Wind,0,Solar,2
2021-11-13,Winter,Offshore Wind,2,Onshore Wind,0,Solar,2
2021-11-14,Winter,Offshore Wind,2,Onshore Wind,0,Solar,2
2021-11-15,Winter,Offshore Wind,2,Onshore Wind,0,Solar,2
2021-11-16,Winter,Offshore Wind,2,Onshore Wind,0,Solar,2
2021-11-17,Winter,Offshore Wind,0,Onshore Wind,1,Solar,2
2021-11-18,Winter,Offshore Wind,1,Onshore Wind,1,Solar,2
2021-11-19,Winter,Offshore Wind,1,Onshore Wind,2,Solar,2
2021-11-20,Winter,Offshore Wind,1,Onshore Wind,1,Solar,2
2021-11-21,Winter,Offshore Wind,0,Onshore Wind,1,Solar,2
2021-11-22,Winter,Offshore Wind,0,Onshore Wind,1,Solar,0
2021-11-23,Winter,Offshore Wind,1,Onshore Wind,1,Solar,2
2021-11-24,Winter,Offshore Wind,1,Onshore Wind,1,Solar,2
2021-11-25,Winter,Offshore Wind,1,Onshore Wind,1,Solar,2
2021-11-26,Winter,Offshore Wind,0,Onshore Wind,1,Solar,2
2021-11-27,Winter,Offshore Wind,0,Onshore Wind,1,Solar,2
2021-11-28,Winter,Offshore Wind,2,Onshore Wind,0,Solar,2
2021-11-29,Winter,Offshore Wind,2,Onshore Wind,0,Solar,2
2021-11-30,Winter,Offshore Wind,1,Onshore Wind,1,Solar,2
2021-12-01,Winter,Offshore Wind,0,Onshore Wind,1,Solar,2
2021-12-02,Winter,Offshore Wind,2,Onshore Wind,0,Solar,0
2021-12-03,Winter,Offshore Wind,1,Onshore Wind,2,Solar,0
2021-12-04,Winter,Offshore Wind,0,Onshore Wind,1,Solar,1
2021-12-05,Winter,Offshore Wind,2,Onshore Wind,0,Solar,0
2021-12-06,Winter,Offshore Wind,0,Onshore Wind,2,Solar,1
2021-12-07,Winter,Offshore Wind,0,Onshore Wind,1,Solar,1
2021-12-08,Winter,Offshore Wind,2,Onshore Wind,0,Solar,1
2021-12-09,Winter,Offshore Wind,0,Onshore Wind,1,Solar,1
2021-12-10,Winter,Offshore Wind,1,Onshore Wind,0,Solar,0
2021-12-11,Winter,Offshore Wind,0,Onshore Wind,0,Solar,2
2021-12-12,Winter,Offshore Wind,2,Onshore Wind,0,Solar,2
2021-12-13,Winter,Offshore Wind,0,Onshore Wind,1,Solar,2
2021-12-14,Winter,Offshore Wind,0,Onshore Wind,1,Solar,2
2021-12-15,Winter,Offshore Wind,1,Onshore Wind,2,Solar,2
2021-12-16,Winter,Offshore Wind,0,Onshore Wind,1,Solar,2
2021-12-17,Winter,Offshore Wind,2,Onshore Wind,0,Solar,2
2021-12-18,Winter,Offshore Wind,0,Onshore Wind,1,Solar,2
2021-12-19,Winter,Offshore Wind,1,Onshore Wind,1,Solar,2
2021-12-20,Winter,Offshore Wind,2,Onshore Wind,0,Solar,2
2021-12-21,Winter,Offshore Wind,2,Onshore Wind,0,Solar,2
2021-12-22,Winter,Offshore Wind,2,Onshore Wind,0,Solar,2
2021-12-23,Winter,Offshore Wind,2,Onshore Wind,0,Solar,2
2021-12-24,Winter,Offshore Wind,0,Onshore Wind,1,Solar,2
2021-12-25,Winter,Offshore Wind,2,Onshore Wind,0,Solar,2
2021-12-26,Winter,Offshore Wind,2,Onshore Wind,0,Solar,2
2021-12-27,Winter,Offshore Wind,1,Onshore Wind,2,Solar,2
2021-12-28,Winter,Offshore Wind,1,Onshore Wind,1,Solar,2
2021-12-29,Winter,Offshore Wind,2,Onshore Wind,0,Solar,2
2021-12-30,Winter,Offshore Wind,1,Onshore Wind,2,Solar,2
2021-12-31,Winter,Offshore Wind,1,Onshore Wind,1,Solar,2
2022-01-01,Winter,Offshore Wind,0,Onshore Wind,1,Solar,2
2022-01-02,Winter,Offshore Wind,1,Onshore Wind,2,Solar,2
2022-01-03,Winter,Offshore Wind,2,Onshore Wind,0,Solar,0
2022-01-04,Winter,Offshore Wind,0,Onshore Wind,1,Solar,1
2022-01-05,Winter,Offshore Wind,2,Onshore Wind,0,Solar,1
2022-01-06,Winter,Offshore Wind,2,Onshore Wind,0,Solar,1
2022-01-07,Winter,Offshore Wind,2,Onshore Wind,0,Solar,0
2022-01-08,Winter,Offshore Wind,2,Onshore Wind,1,Solar,1
2022-01-09,Winter,Offshore Wind,2,Onshore Wind,0,Solar,1
2022-01-10,Winter,Offshore Wind,1,Onshore Wind,1,Solar,2
2022-01-11,Winter,Offshore Wind,1,Onshore Wind,2,Solar,2
2022-01-12,Winter,Offshore Wind,2,Onshore Wind,0,Solar,2
2022-01-13,Winter,Offshore Wind,1,Onshore Wind,2,Solar,2
2022-01-14,Winter,Offshore Wind,1,Onshore Wind,1,Solar,0
2022-01-15,Winter,Offshore Wind,2,Onshore Wind,0,Solar,2
2022-01-16,Winter,Offshore Wind,1,Onshore Wind,2,Solar,2
2022-01-17,Winter,Offshore Wind,1,Onshore Wind,2,Solar,0
2022-01-18,Winter,Offshore Wind,0,Onshore Wind,1,Solar,2
2022-01-19,Winter,Offshore Wind,1,Onshore Wind,2,Solar,2
2022-01-20,Winter,Offshore Wind,1,Onshore Wind,2,Solar,0
2022-01-21,Winter,Offshore Wind,1,Onshore Wind,1,Solar,0
2022-01-22,Winter,Offshore Wind,2,Onshore Wind,1,Solar,2
2022-01-23,Winter,Offshore Wind,0,Onshore Wind,1,Solar,2
2022-01-24,Winter,Offshore Wind,0,Onshore Wind,1,Solar,2
2022-01-25,Winter,Offshore Wind,0,Onshore Wind,1,Solar,2
2022-01-26,Winter,Offshore Wind,1,Onshore Wind,2,Solar,2
2022-01-27,Winter,Offshore Wind,1,Onshore Wind,2,Solar,0
2022-01-28,Winter,Offshore Wind,1,Onshore Wind,1,Solar,0
2022-01-29,Winter,Offshore Wind,1,Onshore Wind,2,Solar,2
2022-01-30,Winter,Offshore Wind,0,Onshore Wind,2,Solar,0
2022-01-31,Winter,Offshore Wind,2,Onshore Wind,0,Solar,2
2022-02-01,Winter,Offshore Wind,1,Onshore Wind,1,Solar,2
2022-02-02,Winter,Offshore Wind,1,Onshore Wind,2,Solar,0
2022-02-03,Winter,Offshore Wind,2,Onshore Wind,0,Solar,1
2022-02-04,Winter,Offshore Wind,2,Onshore Wind,0,Solar,1
2022-02-05,Winter,Offshore Wind,2,Onshore Wind,1,Solar,1
2022-02-06,Winter,Offshore Wind,0,Onshore Wind,1,Solar,0
2022-02-07,Winter,Offshore Wind,2,Onshore Wind,1,Solar,1
2022-02-08,Winter,Offshore Wind,0,Onshore Wind,1,Solar,0
2022-02-09,Winter,Offshore Wind,2,Onshore Wind,0,Solar,1
2022-02-10,Winter,Offshore Wind,1,Onshore Wind,1,Solar,1
2022-02-11,Winter,Offshore Wind,1,Onshore Wind,2,Solar,2
2022-02-12,Winter,Offshore Wind,0,Onshore Wind,0,Solar,2
2022-02-13,Winter,Offshore Wind,1,Onshore Wind,2,Solar,2
2022-02-14,Winter,Offshore Wind,1,Onshore Wind,2,Solar,2
2022-02-15,Winter,Offshore Wind,1,Onshore Wind,2,Solar,0
2022-02-16,Winter,Offshore Wind,1,Onshore Wind,1,Solar,2
2022-02-17,Winter,Offshore Wind,1,Onshore Wind,2,Solar,0
2022-02-18,Winter,Offshore Wind,1,Onshore Wind,2,Solar,2
2022-02-19,Winter,Offshore Wind,1,Onshore Wind,2,Solar,0
2022-02-20,Winter,Offshore Wind,1,Onshore Wind,2,Solar,2
2022-02-21,Winter,Offshore Wind,1,Onshore Wind,2,Solar,0
2022-02-22,Winter,Offshore Wind,0,Onshore Wind,1,Solar,0
2022-02-23,Winter,Offshore Wind,1,Onshore Wind,2,Solar,0
2022-02-24,Winter,Offshore Wind,1,Onshore Wind,1,Solar,2
2022-02-25,Winter,Offshore Wind,1,Onshore Wind,2,Solar,0
2022-02-26,Winter,Offshore Wind,2,Onshore Wind,0,Solar,1
2022-02-27,Winter,Offshore Wind,2,Onshore Wind,0,Solar,1
2022-02-28,Winter,Offshore Wind,0,Onshore Wind,1,Solar,1
2022-05-01,Summer,Offshore Wind,0,Onshore Wind,1,Solar,0
2022-05-02,Summer,Offshore Wind,0,Onshore Wind,1,Solar,0
2022-05-03,Summer,Offshore Wind,2,Onshore Wind,0,Solar,2
2022-05-04,Summer,Offshore Wind,0,Onshore Wind,1,Solar,2
2022-05-05,Summer,Offshore Wind,2,Onshore Wind,2,Solar,2
2022-05-06,Summer,Offshore Wind,2,Onshore Wind,0,Solar,1
2022-05-07,Summer,Offshore Wind,0,Onshore Wind,2,Solar,2
2022-05-08,Summer,Offshore Wind,1,Onshore Wind,2,Solar,2
2022-05-09,Summer,Offshore Wind,0,Onshore Wind,1,Solar,2
2022-05-10,Summer,Offshore Wind,0,Onshore Wind,1,Solar,0
2022-05-11,Summer,Offshore Wind,0,Onshore Wind,2,Solar,0
2022-05-12,Summer,Offshore Wind,0,Onshore Wind,2,Solar,0
2022-05-13,Summer,Offshore Wind,0,Onshore Wind,1,Solar,2
2022-05-14,Summer,Offshore Wind,0,Onshore Wind,1,Solar,1
2022-05-15,Summer,Offshore Wind,2,Onshore Wind,0,Solar,1
2022-05-16,Summer,Offshore Wind,2,Onshore Wind,0,Solar,2
2022-05-17,Summer,Offshore Wind,1,Onshore Wind,2,Solar,1
2022-05-18,Summer,Offshore Wind,0,Onshore Wind,2,Solar,1
2022-05-19,Summer,Offshore Wind,2,Onshore Wind,0,Solar,2
2022-05-20,Summer,Offshore Wind,2,Onshore Wind,0,Solar,2
2022-05-21,Summer,Offshore Wind,1,Onshore Wind,2,Solar,2
2022-05-22,Summer,Offshore Wind,2,Onshore Wind,0,Solar,1
2022-05-23,Summer,Offshore Wind,0,Onshore Wind,2,Solar,1
2022-05-24,Summer,Offshore Wind,0,Onshore Wind,2,Solar,2
2022-05-25,Summer,Offshore Wind,0,Onshore Wind,1,Solar,1
2022-05-26,Summer,Offshore Wind,0,Onshore Wind,1,Solar,1
2022-05-27,Summer,Offshore Wind,0,Onshore Wind,1,Solar,1
2022-05-28,Summer,Offshore Wind,0,Onshore Wind,2,Solar,1
2022-05-29,Summer,Offshore Wind,1,Onshore Wind,0,Solar,1
2022-05-30,Summer,Offshore Wind,2,Onshore Wind,0,Solar,2
2022-05-31,Summer,Offshore Wind,2,Onshore Wind,0,Solar,2
2022-06-01,Summer,Offshore Wind,1,Onshore Wind,0,Solar,0
2022-06-02,Summer,Offshore Wind,0,Onshore Wind,1,Solar,0
2022-06-03,Summer,Offshore Wind,2,Onshore Wind,0,Solar,2
2022-06-04,Summer,Offshore Wind,0,Onshore Wind,1,Solar,0
2022-06-05,Summer,Offshore Wind,2,Onshore Wind,2,Solar,2
2022-06-06,Summer,Offshore Wind,1,Onshore Wind,2,Solar,2
2022-06-07,Summer,Offshore Wind,0,Onshore Wind,1,Solar,2
2022-06-08,Summer,Offshore Wind,0,Onshore Wind,1,Solar,2
2022-06-09,Summer,Offshore Wind,0,Onshore Wind,1,Solar,2
2022-06-10,Summer,Offshore Wind,0,Onshore Wind,1,Solar,2
2022-06-11,Summer,Offshore Wind,0,Onshore Wind,1,Solar,0
2022-06-12,Summer,Offshore Wind,2,Onshore Wind,0,Solar,0
2022-06-13,Summer,Offshore Wind,0,Onshore Wind,1,Solar,1
2022-06-14,Summer,Offshore Wind,1,Onshore Wind,2,Solar,2
2022-06-15,Summer,Offshore Wind,2,Onshore Wind,0,Solar,2
2022-06-16,Summer,Offshore Wind,2,Onshore Wind,2,Solar,1
2022-06-17,Summer,Offshore Wind,1,Onshore Wind,2,Solar,2
2022-06-18,Summer,Offshore Wind,1,Onshore Wind,2,Solar,1
2022-06-19,Summer,Offshore Wind,2,Onshore Wind,0,Solar,2
2022-06-20,Summer,Offshore Wind,2,Onshore Wind,0,Solar,2
2022-06-21,Summer,Offshore Wind,1,Onshore Wind,2,Solar,1
2022-06-22,Summer,Offshore Wind,2,Onshore Wind,2,Solar,2
2022-06-23,Summer,Offshore Wind,2,Onshore Wind,0,Solar,1
2022-06-24,Summer,Offshore Wind,0,Onshore Wind,2,Solar,1
2022-06-25,Summer,Offshore Wind,2,Onshore Wind,0,Solar,2
2022-06-26,Summer,Offshore Wind,2,Onshore Wind,0,Solar,2
2022-06-27,Summer,Offshore Wind,1,Onshore Wind,0,Solar,0
2022-06-28,Summer,Offshore Wind,2,Onshore Wind,0,Solar,1
2022-06-29,Summer,Offshore Wind,2,Onshore Wind,0,Solar,1
2022-06-30,Summer,Offshore Wind,2,Onshore Wind,0,Solar,1
2022-07-01,Summer,Offshore Wind,0,Onshore Wind,1,Solar,0
2022-07-02,Summer,Offshore Wind,0,Onshore Wind,1,Solar,0
2022-07-03,Summer,Offshore Wind,2,Onshore Wind,0,Solar,1
2022-07-04,Summer,Offshore Wind,0,Onshore Wind,1,Solar,0
2022-07-05,Summer,Offshore Wind,1,Onshore Wind,1,Solar,1
2022-07-06,Summer,Offshore Wind,1,Onshore Wind,2,Solar,0
2022-07-07,Summer,Offshore Wind,0,Onshore Wind,2,Solar,2
2022-07-08,Summer,Offshore Wind,2,Onshore Wind,0,Solar,0
2022-07-09,Summer,Offshore Wind,0,Onshore Wind,1,Solar,0
2022-07-10,Summer,Offshore Wind,0,Onshore Wind,1,Solar,0
2022-07-11,Summer,Offshore Wind,0,Onshore Wind,1,Solar,0
2022-07-12,Summer,Offshore Wind,1,Onshore Wind,0,Solar,0
2022-07-13,Summer,Offshore Wind,0,Onshore Wind,1,Solar,1
2022-07-14,Summer,Offshore Wind,0,Onshore Wind,1,Solar,2
2022-07-15,Summer,Offshore Wind,0,Onshore Wind,1,Solar,2
2022-07-16,Summer,Offshore Wind,0,Onshore Wind,1,Solar,1
2022-07-17,Summer,Offshore Wind,1,Onshore Wind,2,Solar,2
2022-07-18,Summer,Offshore Wind,1,Onshore Wind,2,Solar,2
2022-07-19,Summer,Offshore Wind,2,Onshore Wind,0,Solar,1
2022-07-20,Summer,Offshore Wind,0,Onshore Wind,2,Solar,1
2022-07-21,Summer,Offshore Wind,1,Onshore Wind,0,Solar,2
2022-07-22,Summer,Offshore Wind,0,Onshore Wind,2,Solar,0
2022-07-23,Summer,Offshore Wind,1,Onshore Wind,2,Solar,0
2022-07-24,Summer,Offshore Wind,1,Onshore Wind,2,Solar,2
2022-07-25,Summer,Offshore Wind,0,Onshore Wind,2,Solar,2
2022-07-26,Summer,Offshore Wind,0,Onshore Wind,1,Solar,2
2022-07-27,Summer,Offshore Wind,0,Onshore Wind,1,Solar,2
2022-07-28,Summer,Offshore Wind,2,Onshore Wind,0,Solar,1
2022-07-29,Summer,Offshore Wind,2,Onshore Wind,0,Solar,1
2022-07-30,Summer,Offshore Wind,2,Onshore Wind,0,Solar,2
2022-07-31,Summer,Offshore Wind,2,Onshore Wind,0,Solar,2
2022-08-01,Summer,Offshore Wind,0,Onshore Wind,2,Solar,0
2022-08-02,Summer,Offshore Wind,0,Onshore Wind,1,Solar,0
2022-08-03,Summer,Offshore Wind,2,Onshore Wind,0,Solar,2
2022-08-04,Summer,Offshore Wind,0,Onshore Wind,1,Solar,1
2022-08-05,Summer,Offshore Wind,1,Onshore Wind,0,Solar,1
2022-08-06,Summer,Offshore Wind,1,Onshore Wind,0,Solar,2
2022-08-07,Summer,Offshore Wind,0,Onshore Wind,1,Solar,2
2022-08-08,Summer,Offshore Wind,2,Onshore Wind,0,Solar,2
2022-08-09,Summer,Offshore Wind,0,Onshore Wind,1,Solar,0
2022-08-10,Summer,Offshore Wind,0,Onshore Wind,2,Solar,2
2022-08-11,Summer,Offshore Wind,0,Onshore Wind,1,Solar,0
2022-08-12,Summer,Offshore Wind,2,Onshore Wind,2,Solar,0
2022-08-13,Summer,Offshore Wind,2,Onshore Wind,0,Solar,1
2022-08-14,Summer,Offshore Wind,1,Onshore Wind,0,Solar,2
2022-08-15,Summer,Offshore Wind,1,Onshore Wind,0,Solar,1
2022-08-16,Summer,Offshore Wind,2,Onshore Wind,0,Solar,2
2022-08-17,Summer,Offshore Wind,2,Onshore Wind,0,Solar,2
2022-08-18,Summer,Offshore Wind,2,Onshore Wind,0,Solar,2
2022-08-19,Summer,Offshore Wind,2,Onshore Wind,0,Solar,2
2022-08-20,Summer,Offshore Wind,2,Onshore Wind,0,Solar,2
2022-08-21,Summer,Offshore Wind,2,Onshore Wind,2,Solar,2
2022-08-22,Summer,Offshore Wind,2,Onshore Wind,0,Solar,2
2022-08-23,Summer,Offshore Wind,2,Onshore Wind,2,Solar,2
2022-08-24,Summer,Offshore Wind,1,Onshore Wind,2,Solar,1
2022-08-25,Summer,Offshore Wind,1,Onshore Wind,2,Solar,2
2022-08-26,Summer,Offshore Wind,1,Onshore Wind,0,Solar,0
2022-08-27,Summer,Offshore Wind,1,Onshore Wind,0,Solar,2
2022-08-28,Summer,Offshore Wind,0,Onshore Wind,0,Solar,0
2022-08-29,Summer,Offshore Wind,1,Onshore Wind,2,Solar,2
2022-08-30,Summer,Offshore Wind,2,Onshore Wind,0,Solar,1
2022-08-31,Summer,Offshore Wind,2,Onshore Wind,0,Solar,2
2022-11-01,Winter,Offshore Wind,0,Onshore Wind,1,Solar,2
2022-11-02,Winter,Offshore Wind,0,Onshore Wind,1,Solar,0
2022-11-03,Winter,Offshore Wind,1,Onshore Wind,2,Solar,1
2022-11-04,Winter,Offshore Wind,2,Onshore Wind,0,Solar,1
2022-11-05,Winter,Offshore Wind,0,Onshore Wind,1,Solar,0
2022-11-06,Winter,Offshore Wind,2,Onshore Wind,1,Solar,1
2022-11-07,Winter,Offshore Wind,2,Onshore Wind,0,Solar,1
2022-11-08,Winter,Offshore Wind,2,Onshore Wind,0,Solar,1
2022-11-09,Winter,Offshore Wind,2,Onshore Wind,0,Solar,1
2022-11-10,Winter,Offshore Wind,1,Onshore Wind,1,Solar,0
2022-11-11,Winter,Offshore Wind,1,Onshore Wind,2,Solar,2
2022-11-12,Winter,Offshore Wind,2,Onshore Wind,0,Solar,2
2022-11-13,Winter,Offshore Wind,2,Onshore Wind,0,Solar,2
2022-11-14,Winter,Offshore Wind,0,Onshore Wind,1,Solar,2
2022-11-15,Winter,Offshore Wind,0,Onshore Wind,1,Solar,2
2022-11-16,Winter,Offshore Wind,1,Onshore Wind,2,Solar,2
2022-11-17,Winter,Offshore Wind,1,Onshore Wind,2,Solar,2
2022-11-18,Winter,Offshore Wind,1,Onshore Wind,2,Solar,2
2022-11-19,Winter,Offshore Wind,1,Onshore Wind,1,Solar,2
2022-11-20,Winter,Offshore Wind,2,Onshore Wind,0,Solar,0
2022-11-21,Winter,Offshore Wind,2,Onshore Wind,0,Solar,2
2022-11-22,Winter,Offshore Wind,1,Onshore Wind,1,Solar,2
2022-11-23,Winter,Offshore Wind,1,Onshore Wind,1,Solar,2
2022-11-24,Winter,Offshore Wind,2,Onshore Wind,1,Solar,2
2022-11-25,Winter,Offshore Wind,0,Onshore Wind,1,Solar,2
2022-11-26,Winter,Offshore Wind,2,Onshore Wind,0,Solar,2
2022-11-27,Winter,Offshore Wind,0,Onshore Wind,1,Solar,2
2022-11-28,Winter,Offshore Wind,1,Onshore Wind,2,Solar,2
2022-11-29,Winter,Offshore Wind,0,Onshore Wind,0,Solar,2
2022-11-30,Winter,Offshore Wind,2,Onshore Wind,0,Solar,2
2022-12-01,Winter,Offshore Wind,0,Onshore Wind,1,Solar,2
2022-12-02,Winter,Offshore Wind,1,Onshore Wind,2,Solar,0
2022-12-03,Winter,Offshore Wind,1,Onshore Wind,1,Solar,1
2022-12-04,Winter,Offshore Wind,0,Onshore Wind,1,Solar,1
2022-12-05,Winter,Offshore Wind,1,Onshore Wind,2,Solar,1
2022-12-06,Winter,Offshore Wind,0,Onshore Wind,1,Solar,1
2022-12-07,Winter,Offshore Wind,2,Onshore Wind,0,Solar,1
2022-12-08,Winter,Offshore Wind,2,Onshore Wind,0,Solar,1
2022-12-09,Winter,Offshore Wind,0,Onshore Wind,1,Solar,0
2022-12-10,Winter,Offshore Wind,2,Onshore Wind,0,Solar,0
2022-12-11,Winter,Offshore Wind,2,Onshore Wind,0,Solar,2
2022-12-12,Winter,Offshore Wind,0,Onshore Wind,0,Solar,2
2022-12-13,Winter,Offshore Wind,0,Onshore Wind,0,Solar,2
2022-12-14,Winter,Offshore Wind,2,Onshore Wind,0,Solar,2
2022-12-15,Winter,Offshore Wind,2,Onshore Wind,0,Solar,2
2022-12-16,Winter,Offshore Wind,2,Onshore Wind,0,Solar,2
2022-12-17,Winter,Offshore Wind,0,Onshore Wind,2,Solar,2
2022-12-18,Winter,Offshore Wind,1,Onshore Wind,2,Solar,2
2022-12-19,Winter,Offshore Wind,1,Onshore Wind,2,Solar,2
2022-12-20,Winter,Offshore Wind,1,Onshore Wind,2,Solar,2
2022-12-21,Winter,Offshore Wind,0,Onshore Wind,1,Solar,2
2022-12-22,Winter,Offshore Wind,1,Onshore Wind,1,Solar,2
2022-12-23,Winter,Offshore Wind,2,Onshore Wind,0,Solar,2
2022-12-24,Winter,Offshore Wind,2,Onshore Wind,0,Solar,2
2022-12-25,Winter,Offshore Wind,0,Onshore Wind,1,Solar,2
2022-12-26,Winter,Offshore Wind,0,Onshore Wind,1,Solar,2
2022-12-27,Winter,Offshore Wind,1,Onshore Wind,1,Solar,2
2022-12-28,Winter,Offshore Wind,1,Onshore Wind,2,Solar,2
2022-12-29,Winter,Offshore Wind,1,Onshore Wind,2,Solar,2
2022-12-30,Winter,Offshore Wind,1,Onshore Wind,2,Solar,2
2022-12-31,Winter,Offshore Wind,0,Onshore Wind,1,Solar,2
2023-01-01,Winter,Offshore Wind,0,Onshore Wind,2,Solar,2
2023-01-02,Winter,Offshore Wind,1,Onshore Wind,2,Solar,2
2023-01-03,Winter,Offshore Wind,2,Onshore Wind,0,Solar,0
2023-01-04,Winter,Offshore Wind,1,Onshore Wind,2,Solar,1
2023-01-05,Winter,Offshore Wind,0,Onshore Wind,1,Solar,1
2023-01-06,Winter,Offshore Wind,0,Onshore Wind,1,Solar,1
2023-01-07,Winter,Offshore Wind,0,Onshore Wind,1,Solar,0
2023-01-08,Winter,Offshore Wind,2,Onshore Wind,0,Solar,0
2023-01-09,Winter,Offshore Wind,2,Onshore Wind,0,Solar,1
2023-01-10,Winter,Offshore Wind,2,Onshore Wind,0,Solar,0
2023-01-11,Winter,Offshore Wind,0,Onshore Wind,1,Solar,2
2023-01-12,Winter,Offshore Wind,2,Onshore Wind,0,Solar,2
2023-01-13,Winter,Offshore Wind,1,Onshore Wind,2,Solar,2
2023-01-14,Winter,Offshore Wind,1,Onshore Wind,2,Solar,2
2023-01-15,Winter,Offshore Wind,1,Onshore Wind,2,Solar,2
2023-01-16,Winter,Offshore Wind,1,Onshore Wind,1,Solar,2
2023-01-17,Winter,Offshore Wind,1,Onshore Wind,1,Solar,2
2023-01-18,Winter,Offshore Wind,0,Onshore Wind,1,Solar,2
2023-01-19,Winter,Offshore Wind,0,Onshore Wind,0,Solar,2
2023-01-20,Winter,Offshore Wind,2,Onshore Wind,0,Solar,2
2023-01-21,Winter,Offshore Wind,2,Onshore Wind,0,Solar,2
2023-01-22,Winter,Offshore Wind,2,Onshore Wind,0,Solar,2
2023-01-23,Winter,Offshore Wind,2,Onshore Wind,0,Solar,2
2023-01-24,Winter,Offshore Wind,2,Onshore Wind,1,Solar,2
2023-01-25,Winter,Offshore Wind,0,Onshore Wind,1,Solar,2
2023-01-26,Winter,Offshore Wind,0,Onshore Wind,1,Solar,2
2023-01-27,Winter,Offshore Wind,2,Onshore Wind,0,Solar,0
2023-01-28,Winter,Offshore Wind,0,Onshore Wind,1,Solar,2
2023-01-29,Winter,Offshore Wind,0,Onshore Wind,2,Solar,2
2023-01-30,Winter,Offshore Wind,1,Onshore Wind,2,Solar,0
2023-01-31,Winter,Offshore Wind,1,Onshore Wind,2,Solar,2
2023-02-01,Winter,Offshore Wind,0,Onshore Wind,1,Solar,2
2023-02-02,Winter,Offshore Wind,0,Onshore Wind,0,Solar,0
2023-02-03,Winter,Offshore Wind,2,Onshore Wind,0,Solar,0
2023-02-04,Winter,Offshore Wind,2,Onshore Wind,0,Solar,1
2023-02-05,Winter,Offshore Wind,0,Onshore Wind,1,Solar,1
2023-02-06,Winter,Offshore Wind,2,Onshore Wind,0,Solar,1
2023-02-07,Winter,Offshore Wind,0,Onshore Wind,2,Solar,0
2023-02-08,Winter,Offshore Wind,2,Onshore Wind,0,Solar,1
2023-02-09,Winter,Offshore Wind,2,Onshore Wind,1,Solar,1
2023-02-10,Winter,Offshore Wind,2,Onshore Wind,0,Solar,0
2023-02-11,Winter,Offshore Wind,1,Onshore Wind,2,Solar,2
2023-02-12,Winter,Offshore Wind,2,Onshore Wind,0,Solar,2
2023-02-13,Winter,Offshore Wind,2,Onshore Wind,1,Solar,0
2023-02-14,Winter,Offshore Wind,2,Onshore Wind,0,Solar,2
2023-02-15,Winter,Offshore Wind,2,Onshore Wind,0,Solar,2
2023-02-16,Winter,Offshore Wind,2,Onshore Wind,0,Solar,2
2023-02-17,Winter,Offshore Wind,1,Onshore Wind,2,Solar,2
2023-02-18,Winter,Offshore Wind,1,Onshore Wind,2,Solar,0
2023-02-19,Winter,Offshore Wind,0,Onshore Wind,1,Solar,0
2023-02-20,Winter,Offshore Wind,1,Onshore Wind,2,Solar,2
2023-02-21,Winter,Offshore Wind,1,Onshore Wind,1,Solar,0
2023-02-22,Winter,Offshore Wind,0,Onshore Wind,0,Solar,2
2023-02-23,Winter,Offshore Wind,0,Onshore Wind,1,Solar,2
2023-02-24,Winter,Offshore Wind,1,Onshore Wind,2,Solar,0
2023-02-25,Winter,Offshore Wind,1,Onshore Wind,2,Solar,0
2023-02-26,Winter,Offshore Wind,2,Onshore Wind,0,Solar,0
2023-02-27,Winter,Offshore Wind,2,Onshore Wind,0,Solar,0
2023-02-28,Winter,Offshore Wind,2,Onshore Wind,0,Solar,0
2023-05-01,Summer,Offshore Wind,0,Onshore Wind,2,Solar,0
2023-05-02,Summer,Offshore Wind,0,Onshore Wind,2,Solar,0
2023-05-03,Summer,Offshore Wind,1,Onshore Wind,0,Solar,2
2023-05-04,Summer,Offshore Wind,2,Onshore Wind,0,Solar,2
2023-05-05,Summer,Offshore Wind,0,Onshore Wind,1,Solar,2
2023-05-06,Summer,Offshore Wind,2,Onshore Wind,0,Solar,1
2023-05-07,Summer,Offshore Wind,0,Onshore Wind,2,Solar,0
2023-05-08,Summer,Offshore Wind,2,Onshore Wind,0,Solar,1
2023-05-09,Summer,Offshore Wind,2,Onshore Wind,0,Solar,1
2023-05-10,Summer,Offshore Wind,0,Onshore Wind,2,Solar,2
2023-05-11,Summer,Offshore Wind,1,Onshore Wind,0,Solar,0
2023-05-12,Summer,Offshore Wind,0,Onshore Wind,1,Solar,0
2023-05-13,Summer,Offshore Wind,2,Onshore Wind,0,Solar,1
2023-05-14,Summer,Offshore Wind,2,Onshore Wind,0,Solar,1
2023-05-15,Summer,Offshore Wind,2,Onshore Wind,0,Solar,1
2023-05-16,Summer,Offshore Wind,0,Onshore Wind,1,Solar,2
2023-05-17,Summer,Offshore Wind,0,Onshore Wind,1,Solar,1
2023-05-18,Summer,Offshore Wind,2,Onshore Wind,0,Solar,1
2023-05-19,Summer,Offshore Wind,2,Onshore Wind,0,Solar,1
2023-05-20,Summer,Offshore Wind,1,Onshore Wind,0,Solar,1
2023-05-21,Summer,Offshore Wind,1,Onshore Wind,0,Solar,1
2023-05-22,Summer,Offshore Wind,1,Onshore Wind,0,Solar,1
2023-05-23,Summer,Offshore Wind,0,Onshore Wind,2,Solar,2
2023-05-24,Summer,Offshore Wind,1,Onshore Wind,0,Solar,1
2023-05-25,Summer,Offshore Wind,0,Onshore Wind,1,Solar,1
2023-05-26,Summer,Offshore Wind,1,Onshore Wind,2,Solar,1
2023-05-27,Summer,Offshore Wind,2,Onshore Wind,0,Solar,1
2023-05-28,Summer,Offshore Wind,2,Onshore Wind,2,Solar,1
2023-05-29,Summer,Offshore Wind,1,Onshore Wind,2,Solar,1
2023-05-30,Summer,Offshore Wind,2,Onshore Wind,0,Solar,1
2023-05-31,Summer,Offshore Wind,0,Onshore Wind,1,Solar,1
2023-06-01,Summer,Offshore Wind,0,Onshore Wind,1,Solar,0
2023-06-02,Summer,Offshore Wind,2,Onshore Wind,0,Solar,0
2023-06-03,Summer,Offshore Wind,1,Onshore Wind,0,Solar,2
2023-06-04,Summer,Offshore Wind,1,Onshore Wind,2,Solar,2
2023-06-05,Summer,Offshore Wind,0,Onshore Wind,1,Solar,0
2023-06-06,Summer,Offshore Wind,2,Onshore Wind,0,Solar,1
2023-06-07,Summer,Offshore Wind,0,Onshore Wind,1,Solar,1
2023-06-08,Summer,Offshore Wind,1,Onshore Wind,0,Solar,2
2023-06-09,Summer,Offshore Wind,2,Onshore Wind,0,Solar,1
2023-06-10,Summer,Offshore Wind,0,Onshore Wind,1,Solar,0
2023-06-11,Summer,Offshore Wind,0,Onshore Wind,2,Solar,0
2023-06-12,Summer,Offshore Wind,0,Onshore Wind,2,Solar,0
2023-06-13,Summer,Offshore Wind,1,Onshore Wind,0,Solar,1
2023-06-14,Summer,Offshore Wind,2,Onshore Wind,0,Solar,1
2023-06-15,Summer,Offshore Wind,2,Onshore Wind,0,Solar,2
2023-06-16,Summer,Offshore Wind,2,Onshore Wind,0,Solar,1
2023-06-17,Summer,Offshore Wind,2,Onshore Wind,0,Solar,1
2023-06-18,Summer,Offshore Wind,2,Onshore Wind,0,Solar,1
2023-06-19,Summer,Offshore Wind,1,Onshore Wind,0,Solar,2
2023-06-20,Summer,Offshore Wind,2,Onshore Wind,0,Solar,2
2023-06-21,Summer,Offshore Wind,1,Onshore Wind,2,Solar,2
2023-06-22,Summer,Offshore Wind,2,Onshore Wind,0,Solar,1
2023-06-23,Summer,Offshore Wind,2,Onshore Wind,2,Solar,1
2023-06-24,Summer,Offshore Wind,2,Onshore Wind,0,Solar,1
2023-06-25,Summer,Offshore Wind,2,Onshore Wind,0,Solar,2
2023-06-26,Summer,Offshore Wind,0,Onshore Wind,1,Solar,2
2023-06-27,Summer,Offshore Wind,0,Onshore Wind,1,Solar,1
2023-06-28,Summer,Offshore Wind,1,Onshore Wind,0,Solar,1
2023-06-29,Summer,Offshore Wind,2,Onshore Wind,0,Solar,2
2023-06-30,Summer,Offshore Wind,1,Onshore Wind,2,Solar,1
2023-07-01,Summer,Offshore Wind,0,Onshore Wind,1,Solar,0
2023-07-02,Summer,Offshore Wind,1,Onshore Wind,2,Solar,0
2023-07-03,Summer,Offshore Wind,0,Onshore Wind,1,Solar,0
2023-07-04,Summer,Offshore Wind,1,Onshore Wind,2,Solar,1
2023-07-05,Summer,Offshore Wind,0,Onshore Wind,2,Solar,1
2023-07-06,Summer,Offshore Wind,2,Onshore Wind,0,Solar,1
2023-07-07,Summer,Offshore Wind,2,Onshore Wind,0,Solar,1
2023-07-08,Summer,Offshore Wind,0,Onshore Wind,1,Solar,0
2023-07-09,Summer,Offshore Wind,1,Onshore Wind,0,Solar,1
2023-07-10,Summer,Offshore Wind,1,Onshore Wind,2,Solar,0
2023-07-11,Summer,Offshore Wind,0,Onshore Wind,2,Solar,0
2023-07-12,Summer,Offshore Wind,2,Onshore Wind,0,Solar,0
2023-07-13,Summer,Offshore Wind,1,Onshore Wind,2,Solar,1
2023-07-14,Summer,Offshore Wind,2,Onshore Wind,0,Solar,1
2023-07-15,Summer,Offshore Wind,0,Onshore Wind,2,Solar,1
2023-07-16,Summer,Offshore Wind,1,Onshore Wind,1,Solar,2
2023-07-17,Summer,Offshore Wind,0,Onshore Wind,1,Solar,2
2023-07-18,Summer,Offshore Wind,1,Onshore Wind,2,Solar,1
2023-07-19,Summer,Offshore Wind,2,Onshore Wind,0,Solar,2
2023-07-20,Summer,Offshore Wind,0,Onshore Wind,1,Solar,1
2023-07-21,Summer,Offshore Wind,1,Onshore Wind,0,Solar,1
2023-07-22,Summer,Offshore Wind,1,Onshore Wind,2,Solar,1
2023-07-23,Summer,Offshore Wind,0,Onshore Wind,2,Solar,0
2023-07-24,Summer,Offshore Wind,0,Onshore Wind,2,Solar,2
2023-07-25,Summer,Offshore Wind,0,Onshore Wind,1,Solar,1
2023-07-26,Summer,Offshore Wind,0,Onshore Wind,1,Solar,2
2023-07-27,Summer,Offshore Wind,1,Onshore Wind,0,Solar,1
2023-07-28,Summer,Offshore Wind,2,Onshore Wind,0,Solar,1
2023-07-29,Summer,Offshore Wind,2,Onshore Wind,0,Solar,2
2023-07-30,Summer,Offshore Wind,1,Onshore Wind,0,Solar,2
2023-07-31,Summer,Offshore Wind,1,Onshore Wind,0,Solar,2
2023-08-01,Summer,Offshore Wind,0,Onshore Wind,1,Solar,0
2023-08-02,Summer,Offshore Wind,0,Onshore Wind,1,Solar,0
2023-08-03,Summer,Offshore Wind,2,Onshore Wind,0,Solar,2
2023-08-04,Summer,Offshore Wind,2,Onshore Wind,0,Solar,1
2023-08-05,Summer,Offshore Wind,0,Onshore Wind,1,Solar,1
2023-08-06,Summer,Offshore Wind,2,Onshore Wind,0,Solar,1
2023-08-07,Summer,Offshore Wind,2,Onshore Wind,0,Solar,1
2023-08-08,Summer,Offshore Wind,1,Onshore Wind,1,Solar,2
2023-08-09,Summer,Offshore Wind,1,Onshore Wind,0,Solar,1
2023-08-10,Summer,Offshore Wind,2,Onshore Wind,0,Solar,2
2023-08-11,Summer,Offshore Wind,0,Onshore Wind,2,Solar,0
2023-08-12,Summer,Offshore Wind,0,Onshore Wind,2,Solar,0
2023-08-13,Summer,Offshore Wind,1,Onshore Wind,2,Solar,2
2023-08-14,Summer,Offshore Wind,2,Onshore Wind,0,Solar,1
2023-08-15,Summer,Offshore Wind,1,Onshore Wind,2,Solar,2
2023-08-16,Summer,Offshore Wind,1,Onshore Wind,2,Solar,2
2023-08-17,Summer,Offshore Wind,2,Onshore Wind,0,Solar,2
2023-08-18,Summer,Offshore Wind,0,Onshore Wind,2,Solar,2
2023-08-19,Summer,Offshore Wind,0,Onshore Wind,2,Solar,2
2023-08-20,Summer,Offshore Wind,2,Onshore Wind,0,Solar,1
2023-08-21,Summer,Offshore Wind,2,Onshore Wind,0,Solar,1
2023-08-22,Summer,Offshore Wind,2,Onshore Wind,0,Solar,1
2023-08-23,Summer,Offshore Wind,2,Onshore Wind,0,Solar,2
2023-08-24,Summer,Offshore Wind,2,Onshore Wind,0,Solar,1
2023-08-25,Summer,Offshore Wind,1,Onshore Wind,0,Solar,2
2023-08-26,Summer,Offshore Wind,1,Onshore Wind,0,Solar,2
2023-08-27,Summer,Offshore Wind,2,Onshore Wind,0,Solar,2
2023-08-28,Summer,Offshore Wind,2,Onshore Wind,0,Solar,1
2023-08-29,Summer,Offshore Wind,2,Onshore Wind,0,Solar,2
2023-08-30,Summer,Offshore Wind,2,Onshore Wind,0,Solar,2
2023-08-31,Summer,Offshore Wind,2,Onshore Wind,0,Solar,2
2023-11-01,Winter,Offshore Wind,1,Onshore Wind,2,Solar,2
2023-11-02,Winter,Offshore Wind,1,Onshore Wind,2,Solar,0
2023-11-03,Winter,Offshore Wind,0,Onshore Wind,1,Solar,0
2023-11-04,Winter,Offshore Wind,2,Onshore Wind,1,Solar,0
2023-11-05,Winter,Offshore Wind,2,Onshore Wind,0,Solar,0
2023-11-06,Winter,Offshore Wind,0,Onshore Wind,1,Solar,1
2023-11-07,Winter,Offshore Wind,0,Onshore Wind,0,Solar,1
2023-11-08,Winter,Offshore Wind,2,Onshore Wind,0,Solar,1
2023-11-09,Winter,Offshore Wind,2,Onshore Wind,0,Solar,1
2023-11-10,Winter,Offshore Wind,1,Onshore Wind,2,Solar,0
2023-11-11,Winter,Offshore Wind,2,Onshore Wind,0,Solar,2
2023-11-12,Winter,Offshore Wind,2,Onshore Wind,0,Solar,2
2023-11-13,Winter,Offshore Wind,0,Onshore Wind,1,Solar,2
2023-11-14,Winter,Offshore Wind,0,Onshore Wind,2,Solar,2
2023-11-15,Winter,Offshore Wind,2,Onshore Wind,0,Solar,2
2023-11-16,Winter,Offshore Wind,0,Onshore Wind,1,Solar,2
2023-11-17,Winter,Offshore Wind,2,Onshore Wind,0,Solar,2
2023-11-18,Winter,Offshore Wind,0,Onshore Wind,1,Solar,0
2023-11-19,Winter,Offshore Wind,1,Onshore Wind,2,Solar,2
2023-11-20,Winter,Offshore Wind,2,Onshore Wind,0,Solar,2
2023-11-21,Winter,Offshore Wind,2,Onshore Wind,0,Solar,2
2023-11-22,Winter,Offshore Wind,0,Onshore Wind,2,Solar,2
2023-11-23,Winter,Offshore Wind,1,Onshore Wind,2,Solar,2
2023-11-24,Winter,Offshore Wind,1,Onshore Wind,2,Solar,2
2023-11-25,Winter,Offshore Wind,0,Onshore Wind,0,Solar,0
2023-11-26,Winter,Offshore Wind,2,Onshore Wind,0,Solar,2
2023-11-27,Winter,Offshore Wind,0,Onshore Wind,1,Solar,2
2023-11-28,Winter,Offshore Wind,2,Onshore Wind,0,Solar,2
2023-11-29,Winter,Offshore Wind,2,Onshore Wind,0,Solar,2
2023-11-30,Winter,Offshore Wind,0,Onshore Wind,1,Solar,2
2023-12-01,Winter,Offshore Wind,1,Onshore Wind,1,Solar,2
2023-12-02,Winter,Offshore Wind,0,Onshore Wind,1,Solar,2
2023-12-03,Winter,Offshore Wind,0,Onshore Wind,1,Solar,0
2023-12-04,Winter,Offshore Wind,0,Onshore Wind,1,Solar,0
2023-12-05,Winter,Offshore Wind,2,Onshore Wind,0,Solar,1
2023-12-06,Winter,Offshore Wind,2,Onshore Wind,0,Solar,1
2023-12-07,Winter,Offshore Wind,0,Onshore Wind,1,Solar,1
2023-12-08,Winter,Offshore Wind,2,Onshore Wind,0,Solar,0
2023-12-09,Winter,Offshore Wind,2,Onshore Wind,0,Solar,0
2023-12-10,Winter,Offshore Wind,1,Onshore Wind,2,Solar,0
2023-12-11,Winter,Offshore Wind,2,Onshore Wind,0,Solar,2
2023-12-12,Winter,Offshore Wind,0,Onshore Wind,0,Solar,2
2023-12-13,Winter,Offshore Wind,1,Onshore Wind,2,Solar,2
2023-12-14,Winter,Offshore Wind,2,Onshore Wind,0,Solar,2
2023-12-15,Winter,Offshore Wind,0,Onshore Wind,1,Solar,2
2023-12-16,Winter,Offshore Wind,1,Onshore Wind,2,Solar,2
2023-12-17,Winter,Offshore Wind,1,Onshore Wind,2,Solar,2
2023-12-18,Winter,Offshore Wind,1,Onshore Wind,2,Solar,2
2023-12-19,Winter,Offshore Wind,0,Onshore Wind,1,Solar,2
2023-12-20,Winter,Offshore Wind,1,Onshore Wind,2,Solar,2
2023-12-21,Winter,Offshore Wind,0,Onshore Wind,2,Solar,2
2023-12-22,Winter,Offshore Wind,0,Onshore Wind,2,Solar,2
2023-12-23,Winter,Offshore Wind,1,Onshore Wind,1,Solar,2
2023-12-24,Winter,Offshore Wind,0,Onshore Wind,2,Solar,2
2023-12-25,Winter,Offshore Wind,1,Onshore Wind,2,Solar,2
2023-12-26,Winter,Offshore Wind,1,Onshore Wind,2,Solar,2
2023-12-27,Winter,Offshore Wind,0,Onshore Wind,1,Solar,2
2023-12-28,Winter,Offshore Wind,1,Onshore Wind,2,Solar,2
2023-12-29,Winter,Offshore Wind,1,Onshore Wind,2,Solar,2
2023-12-30,Winter,Offshore Wind,1,Onshore Wind,1,Solar,2
2023-12-31,Winter,Offshore Wind,1,Onshore Wind,2,Solar,2
2024-01-01,Winter,Offshore Wind,0,Onshore Wind,1,Solar,2
2024-01-02,Winter,Offshore Wind,1,Onshore Wind,2,Solar,0
2024-01-03,Winter,Offshore Wind,0,Onshore Wind,1,Solar,0
2024-01-04,Winter,Offshore Wind,2,Onshore Wind,0,Solar,0
2024-01-05,Winter,Offshore Wind,0,Onshore Wind,1,Solar,1
2024-01-06,Winter,Offshore Wind,2,Onshore Wind,0,Solar,1
2024-01-07,Winter,Offshore Wind,2,Onshore Wind,1,Solar,1
2024-01-08,Winter,Offshore Wind,2,Onshore Wind,0,Solar,1
2024-01-09,Winter,Offshore Wind,2,Onshore Wind,0,Solar,1
2024-01-10,Winter,Offshore Wind,1,Onshore Wind,2,Solar,0
2024-01-11,Winter,Offshore Wind,1,Onshore Wind,2,Solar,2
2024-01-12,Winter,Offshore Wind,0,Onshore Wind,1,Solar,2
2024-01-13,Winter,Offshore Wind,1,Onshore Wind,2,Solar,2
2024-01-14,Winter,Offshore Wind,1,Onshore Wind,2,Solar,2
2024-01-15,Winter,Offshore Wind,1,Onshore Wind,1,Solar,2
2024-01-16,Winter,Offshore Wind,0,Onshore Wind,1,Solar,2
2024-01-17,Winter,Offshore Wind,1,Onshore Wind,2,Solar,2
2024-01-18,Winter,Offshore Wind,0,Onshore Wind,1,Solar,2
2024-01-19,Winter,Offshore Wind,1,Onshore Wind,2,Solar,2
2024-01-20,Winter,Offshore Wind,1,Onshore Wind,2,Solar,2
2024-01-21,Winter,Offshore Wind,1,Onshore Wind,2,Solar,2
2024-01-22,Winter,Offshore Wind,1,Onshore Wind,2,Solar,2
2024-01-23,Winter,Offshore Wind,1,Onshore Wind,2,Solar,2
2024-01-24,Winter,Offshore Wind,1,Onshore Wind,2,Solar,2
2024-01-25,Winter,Offshore Wind,1,Onshore Wind,2,Solar,0
2024-01-26,Winter,Offshore Wind,1,Onshore Wind,2,Solar,2
2024-01-27,Winter,Offshore Wind,1,Onshore Wind,2,Solar,2
2024-01-28,Winter,Offshore Wind,0,Onshore Wind,2,Solar,0
2024-01-29,Winter,Offshore Wind,2,Onshore Wind,0,Solar,2
2024-01-30,Winter,Offshore Wind,0,Onshore Wind,1,Solar,2
2024-01-31,Winter,Offshore Wind,1,Onshore Wind,2,Solar,2
2024-02-01,Winter,Offshore Wind,0,Onshore Wind,2,Solar,2
2024-02-02,Winter,Offshore Wind,1,Onshore Wind,2,Solar,2
2024-02-03,Winter,Offshore Wind,2,Onshore Wind,0,Solar,0
2024-02-04,Winter,Offshore Wind,0,Onshore Wind,1,Solar,2
2024-02-05,Winter,Offshore Wind,1,Onshore Wind,2,Solar,1
2024-02-06,Winter,Offshore Wind,0,Onshore Wind,0,Solar,1
2024-02-07,Winter,Offshore Wind,0,Onshore Wind,1,Solar,0
2024-02-08,Winter,Offshore Wind,2,Onshore Wind,0,Solar,1
2024-02-09,Winter,Offshore Wind,0,Onshore Wind,0,Solar,1
2024-02-10,Winter,Offshore Wind,1,Onshore Wind,1,Solar,1
2024-02-11,Winter,Offshore Wind,2,Onshore Wind,0,Solar,0
2024-02-12,Winter,Offshore Wind,1,Onshore Wind,1,Solar,2
2024-02-13,Winter,Offshore Wind,0,Onshore Wind,1,Solar,0
2024-02-14,Winter,Offshore Wind,2,Onshore Wind,0,Solar,2
2024-02-15,Winter,Offshore Wind,0,Onshore Wind,0,Solar,2
2024-02-16,Winter,Offshore Wind,1,Onshore Wind,2,Solar,2
2024-02-17,Winter,Offshore Wind,2,Onshore Wind,0,Solar,0
2024-02-18,Winter,Offshore Wind,0,Onshore Wind,1,Solar,2
2024-02-19,Winter,Offshore Wind,0,Onshore Wind,1,Solar,2
2024-02-20,Winter,Offshore Wind,1,Onshore Wind,1,Solar,0
2024-02-21,Winter,Offshore Wind,1,Onshore Wind,2,Solar,0
2024-02-22,Winter,Offshore Wind,0,Onshore Wind,1,Solar,2
2024-02-23,Winter,Offshore Wind,1,Onshore Wind,2,Solar,0
2024-02-24,Winter,Offshore Wind,2,Onshore Wind,0,Solar,0
2024-02-25,Winter,Offshore Wind,2,Onshore Wind,0,Solar,2
2024-02-26,Winter,Offshore Wind,2,Onshore Wind,0,Solar,0
2024-02-27,Winter,Offshore Wind,2,Onshore Wind,0,Solar,2
2024-02-28,Winter,Offshore Wind,0,Onshore Wind,1,Solar,0
2024-02-29,Winter,Offshore Wind,1,Onshore Wind,2,Solar,0
2024-05-01,Summer,Offshore Wind,0,Onshore Wind,1,Solar,0
2024-05-02,Summer,Offshore Wind,0,Onshore Wind,1,Solar,0
2024-05-03,Summer,Offshore Wind,0,Onshore Wind,1,Solar,0
2024-05-04,Summer,Offshore Wind,0,Onshore Wind,1,Solar,0
2024-05-05,Summer,Offshore Wind,2,Onshore Wind,0,Solar,2
2024-05-06,Summer,Offshore Wind,0,Onshore Wind,1,Solar,1
2024-05-07,Summer,Offshore Wind,0,Onshore Wind,1,Solar,2
2024-05-08,Summer,Offshore Wind,2,Onshore Wind,0,Solar,1
2024-05-09,Summer,Offshore Wind,0,Onshore Wind,2,Solar,2
2024-05-10,Summer,Offshore Wind,2,Onshore Wind,0,Solar,2
2024-05-11,Summer,Offshore Wind,2,Onshore Wind,0,Solar,0
2024-05-12,Summer,Offshore Wind,0,Onshore Wind,1,Solar,0
2024-05-13,Summer,Offshore Wind,0,Onshore Wind,1,Solar,1
2024-05-14,Summer,Offshore Wind,0,Onshore Wind,1,Solar,1
2024-05-15,Summer,Offshore Wind,0,Onshore Wind,1,Solar,1
2024-05-16,Summer,Offshore Wind,0,Onshore Wind,1,Solar,1
2024-05-17,Summer,Offshore Wind,0,Onshore Wind,1,Solar,1
2024-05-18,Summer,Offshore Wind,1,Onshore Wind,0,Solar,1
2024-05-19,Summer,Offshore Wind,2,Onshore Wind,0,Solar,1
2024-05-20,Summer,Offshore Wind,1,Onshore Wind,0,Solar,1
2024-05-21,Summer,Offshore Wind,0,Onshore Wind,1,Solar,1
2024-05-22,Summer,Offshore Wind,0,Onshore Wind,1,Solar,1
2024-05-23,Summer,Offshore Wind,2,Onshore Wind,0,Solar,0
2024-05-24,Summer,Offshore Wind,2,Onshore Wind,0,Solar,1
2024-05-25,Summer,Offshore Wind,2,Onshore Wind,0,Solar,2
2024-05-26,Summer,Offshore Wind,2,Onshore Wind,0,Solar,2
2024-05-27,Summer,Offshore Wind,2,Onshore Wind,0,Solar,1
2024-05-28,Summer,Offshore Wind,2,Onshore Wind,0,Solar,2
2024-05-29,Summer,Offshore Wind,0,Onshore Wind,2,Solar,0
2024-05-30,Summer,Offshore Wind,2,Onshore Wind,0,Solar,1
2024-05-31,Summer,Offshore Wind,1,Onshore Wind,0,Solar,2
2024-06-01,Summer,Offshore Wind,0,Onshore Wind,2,Solar,0
2024-06-02,Summer,Offshore Wind,0,Onshore Wind,1,Solar,0
2024-06-03,Summer,Offshore Wind,1,Onshore Wind,0,Solar,0
2024-06-04,Summer,Offshore Wind,0,Onshore Wind,1,Solar,2
2024-06-05,Summer,Offshore Wind,2,Onshore Wind,0,Solar,2
2024-06-06,Summer,Offshore Wind,1,Onshore Wind,2,Solar,2
2024-06-07,Summer,Offshore Wind,1,Onshore Wind,1,Solar,2
2024-06-08,Summer,Offshore Wind,2,Onshore Wind,0,Solar,1
2024-06-09,Summer,Offshore Wind,0,Onshore Wind,2,Solar,1
2024-06-10,Summer,Offshore Wind,1,Onshore Wind,0,Solar,2
2024-06-11,Summer,Offshore Wind,2,Onshore Wind,0,Solar,0
2024-06-12,Summer,Offshore Wind,1,Onshore Wind,2,Solar,0
2024-06-13,Summer,Offshore Wind,1,Onshore Wind,2,Solar,2
2024-06-14,Summer,Offshore Wind,0,Onshore Wind,2,Solar,2
2024-06-15,Summer,Offshore Wind,0,Onshore Wind,1,Solar,0
2024-06-16,Summer,Offshore Wind,1,Onshore Wind,2,Solar,2
2024-06-17,Summer,Offshore Wind,2,Onshore Wind,0,Solar,2
2024-06-18,Summer,Offshore Wind,2,Onshore Wind,2,Solar,1
2024-06-19,Summer,Offshore Wind,0,Onshore Wind,1,Solar,2
2024-06-20,Summer,Offshore Wind,1,Onshore Wind,2,Solar,1
2024-06-21,Summer,Offshore Wind,2,Onshore Wind,0,Solar,1
2024-06-22,Summer,Offshore Wind,1,Onshore Wind,2,Solar,0
2024-06-23,Summer,Offshore Wind,1,Onshore Wind,0,Solar,2
2024-06-24,Summer,Offshore Wind,2,Onshore Wind,0,Solar,1
2024-06-25,Summer,Offshore Wind,2,Onshore Wind,0,Solar,1
2024-06-26,Summer,Offshore Wind,2,Onshore Wind,0,Solar,1
2024-06-27,Summer,Offshore Wind,1,Onshore Wind,0,Solar,1
2024-06-28,Summer,Offshore Wind,1,Onshore Wind,1,Solar,2
2024-06-29,Summer,Offshore Wind,2,Onshore Wind,0,Solar,2
2024-06-30,Summer,Offshore Wind,1,Onshore Wind,0,Solar,0
2024-07-01,Summer,Offshore Wind,0,Onshore Wind,0,Solar,0
2024-07-02,Summer,Offshore Wind,0,Onshore Wind,2,Solar,0
2024-07-03,Summer,Offshore Wind,1,Onshore Wind,0,Solar,0
2024-07-04,Summer,Offshore Wind,0,Onshore Wind,1,Solar,2
2024-07-05,Summer,Offshore Wind,2,Onshore Wind,0,Solar,1
2024-07-06,Summer,Offshore Wind,1,Onshore Wind,2,Solar,1
2024-07-07,Summer,Offshore Wind,2,Onshore Wind,2,Solar,2
2024-07-08,Summer,Offshore Wind,2,Onshore Wind,0,Solar,2
2024-07-09,Summer,Offshore Wind,1,Onshore Wind,0,Solar,2
2024-07-10,Summer,Offshore Wind,0,Onshore Wind,2,Solar,0
2024-07-11,Summer,Offshore Wind,2,Onshore Wind,0,Solar,0
2024-07-12,Summer,Offshore Wind,0,Onshore Wind,2,Solar,0
2024-07-13,Summer,Offshore Wind,1,Onshore Wind,2,Solar,0
2024-07-14,Summer,Offshore Wind,1,Onshore Wind,2,Solar,2
2024-07-15,Summer,Offshore Wind,1,Onshore Wind,2,Solar,2
2024-07-16,Summer,Offshore Wind,2,Onshore Wind,0,Solar,0
2024-07-17,Summer,Offshore Wind,1,Onshore Wind,2,Solar,2
2024-07-18,Summer,Offshore Wind,1,Onshore Wind,2,Solar,2
2024-07-19,Summer,Offshore Wind,2,Onshore Wind,0,Solar,1
2024-07-20,Summer,Offshore Wind,2,Onshore Wind,0,Solar,1
2024-07-21,Summer,Offshore Wind,1,Onshore Wind,0,Solar,1
2024-07-22,Summer,Offshore Wind,1,Onshore Wind,2,Solar,2
2024-07-23,Summer,Offshore Wind,2,Onshore Wind,0,Solar,2
2024-07-24,Summer,Offshore Wind,0,Onshore Wind,2,Solar,1
2024-07-25,Summer,Offshore Wind,1,Onshore Wind,0,Solar,2
2024-07-26,Summer,Offshore Wind,1,Onshore Wind,0,Solar,0
2024-07-27,Summer,Offshore Wind,2,Onshore Wind,0,Solar,1
2024-07-28,Summer,Offshore Wind,1,Onshore Wind,1,Solar,2
2024-07-29,Summer,Offshore Wind,1,Onshore Wind,0,Solar,1
2024-07-30,Summer,Offshore Wind,2,Onshore Wind,0,Solar,1
2024-07-31,Summer,Offshore Wind,2,Onshore Wind,2,Solar,1
2024-08-01,Summer,Offshore Wind,1,Onshore Wind,0,Solar,0
2024-08-02,Summer,Offshore Wind,1,Onshore Wind,0,Solar,0
2024-08-03,Summer,Offshore Wind,1,Onshore Wind,0,Solar,2
2024-08-04,Summer,Offshore Wind,1,Onshore Wind,0,Solar,2
2024-08-05,Summer,Offshore Wind,2,Onshore Wind,0,Solar,1
2024-08-06,Summer,Offshore Wind,0,Onshore Wind,2,Solar,0
2024-08-07,Summer,Offshore Wind,2,Onshore Wind,0,Solar,1
2024-08-08,Summer,Offshore Wind,1,Onshore Wind,0,Solar,2
2024-08-09,Summer,Offshore Wind,1,Onshore Wind,0,Solar,2
2024-08-10,Summer,Offshore Wind,1,Onshore Wind,2,Solar,0
2024-08-11,Summer,Offshore Wind,2,Onshore Wind,0,Solar,0
2024-08-12,Summer,Offshore Wind,0,Onshore Wind,1,Solar,0
2024-08-13,Summer,Offshore Wind,0,Onshore Wind,2,Solar,2
2024-08-14,Summer,Offshore Wind,1,Onshore Wind,0,Solar,2
2024-08-15,Summer,Offshore Wind,1,Onshore Wind,0,Solar,2
2024-08-16,Summer,Offshore Wind,2,Onshore Wind,0,Solar,2
2024-08-17,Summer,Offshore Wind,2,Onshore Wind,0,Solar,1
2024-08-18,Summer,Offshore Wind,2,Onshore Wind,0,Solar,2
2024-08-19,Summer,Offshore Wind,2,Onshore Wind,0,Solar,1
2024-08-20,Summer,Offshore Wind,1,Onshore Wind,2,Solar,2
2024-08-21,Summer,Offshore Wind,1,Onshore Wind,2,Solar,2
2024-08-22,Summer,Offshore Wind,0,Onshore Wind,1,Solar,0
2024-08-23,Summer,Offshore Wind,0,Onshore Wind,1,Solar,0
2024-08-24,Summer,Offshore Wind,1,Onshore Wind,0,Solar,0
2024-08-25,Summer,Offshore Wind,1,Onshore Wind,2,Solar,2
2024-08-26,Summer,Offshore Wind,1,Onshore Wind,2,Solar,2
2024-08-27,Summer,Offshore Wind,1,Onshore Wind,2,Solar,1
2024-08-28,Summer,Offshore Wind,0,Onshore Wind,2,Solar,1
2024-08-29,Summer,Offshore Wind,1,Onshore Wind,0,Solar,1
2024-08-30,Summer,Offshore Wind,1,Onshore Wind,0,Solar,2
2024-08-31,Summer,Offshore Wind,2,Onshore Wind,0,Solar,1
2024-11-01,Winter,Offshore Wind,2,Onshore Wind,0,Solar,2
2024-11-02,Winter,Offshore Wind,1,Onshore Wind,2,Solar,2
2024-11-03,Winter,Offshore Wind,1,Onshore Wind,2,Solar,0
2024-11-04,Winter,Offshore Wind,1,Onshore Wind,2,Solar,0
2024-11-05,Winter,Offshore Wind,2,Onshore Wind,0,Solar,1
2024-11-06,Winter,Offshore Wind,0,Onshore Wind,1,Solar,0
2024-11-07,Winter,Offshore Wind,2,Onshore Wind,0,Solar,1
2024-11-08,Winter,Offshore Wind,2,Onshore Wind,1,Solar,1
2024-11-09,Winter,Offshore Wind,0,Onshore Wind,1,Solar,0
2024-11-10,Winter,Offshore Wind,1,Onshore Wind,2,Solar,0
2024-11-11,Winter,Offshore Wind,2,Onshore Wind,0,Solar,2
2024-11-12,Winter,Offshore Wind,2,Onshore Wind,0,Solar,2
2024-11-13,Winter,Offshore Wind,0,Onshore Wind,1,Solar,2
2024-11-14,Winter,Offshore Wind,0,Onshore Wind,1,Solar,0
2024-11-15,Winter,Offshore Wind,0,Onshore Wind,2,Solar,2
2024-11-16,Winter,Offshore Wind,1,Onshore Wind,2,Solar,2
2024-11-17,Winter,Offshore Wind,1,Onshore Wind,2,Solar,2
2024-11-18,Winter,Offshore Wind,1,Onshore Wind,1,Solar,0
2024-11-19,Winter,Offshore Wind,2,Onshore Wind,0,Solar,2
2024-11-20,Winter,Offshore Wind,2,Onshore Wind,0,Solar,2
2024-11-21,Winter,Offshore Wind,2,Onshore Wind,0,Solar,2
2024-11-22,Winter,Offshore Wind,0,Onshore Wind,0,Solar,2
2024-11-23,Winter,Offshore Wind,0,Onshore Wind,1,Solar,2
2024-11-24,Winter,Offshore Wind,1,Onshore Wind,2,Solar,2
2024-11-25,Winter,Offshore Wind,0,Onshore Wind,2,Solar,2
2024-11-26,Winter,Offshore Wind,1,Onshore Wind,2,Solar,2
2024-11-27,Winter,Offshore Wind,0,Onshore Wind,1,Solar,2
2024-11-28,Winter,Offshore Wind,1,Onshore Wind,1,Solar,2
2024-11-29,Winter,Offshore Wind,0,Onshore Wind,1,Solar,2
2024-11-30,Winter,Offshore Wind,1,Onshore Wind,1,Solar,2
2024-12-01,Winter,Offshore Wind,0,Onshore Wind,0,Solar,2
2024-12-02,Winter,Offshore Wind,2,Onshore Wind,0,Solar,2
2024-12-03,Winter,Offshore Wind,2,Onshore Wind,0,Solar,2
2024-12-04,Winter,Offshore Wind,1,Onshore Wind,2,Solar,2
2024-12-05,Winter,Offshore Wind,2,Onshore Wind,0,Solar,1
2024-12-06,Winter,Offshore Wind,0,Onshore Wind,1,Solar,1
2024-12-07,Winter,Offshore Wind,0,Onshore Wind,0,Solar,1
2024-12-08,Winter,Offshore Wind,2,Onshore Wind,0,Solar,1
2024-12-09,Winter,Offshore Wind,2,Onshore Wind,0,Solar,1
2024-12-10,Winter,Offshore Wind,0,Onshore Wind,1,Solar,0
2024-12-11,Winter,Offshore Wind,2,Onshore Wind,0,Solar,0
2024-12-12,Winter,Offshore Wind,2,Onshore Wind,0,Solar,2
2024-12-13,Winter,Offshore Wind,2,Onshore Wind,0,Solar,2
2024-12-14,Winter,Offshore Wind,0,Onshore Wind,1,Solar,2
2024-12-15,Winter,Offshore Wind,1,Onshore Wind,2,Solar,2
2024-12-16,Winter,Offshore Wind,0,Onshore Wind,2,Solar,2
2024-12-17,Winter,Offshore Wind,1,Onshore Wind,1,Solar,2
2024-12-18,Winter,Offshore Wind,1,Onshore Wind,2,Solar,2
2024-12-19,Winter,Offshore Wind,0,Onshore Wind,1,Solar,2
2024-12-20,Winter,Offshore Wind,1,Onshore Wind,2,Solar,2
2024-12-21,Winter,Offshore Wind,1,Onshore Wind,2,Solar,2
2024-12-22,Winter,Offshore Wind,0,Onshore Wind,1,Solar,2
2024-12-23,Winter,Offshore Wind,1,Onshore Wind,2,Solar,2
2024-12-24,Winter,Offshore Wind,0,Onshore Wind,1,Solar,2
2024-12-25,Winter,Offshore Wind,0,Onshore Wind,1,Solar,2
2024-12-26,Winter,Offshore Wind,2,Onshore Wind,0,Solar,2
2024-12-27,Winter,Offshore Wind,2,Onshore Wind,0,Solar,2
2024-12-28,Winter,Offshore Wind,2,Onshore Wind,0,Solar,2
2024-12-29,Winter,Offshore Wind,1,Onshore Wind,2,Solar,2
2024-12-30,Winter,Offshore Wind,1,Onshore Wind,2,Solar,2
2024-12-31,Winter,Offshore Wind,1,Onshore Wind,2,Solar,2
